%time,field.order,field.traj_id,field.start_time,field.knots0,field.knots1,field.knots2,field.knots3,field.knots4,field.knots5,field.knots6,field.knots7,field.knots8,field.knots9,field.knots10,field.knots11,field.knots12,field.knots13,field.knots14,field.knots15,field.knots16,field.knots17,field.knots18,field.knots19,field.knots20,field.knots21,field.knots22,field.knots23,field.knots24,field.knots25,field.knots26,field.knots27,field.knots28,field.knots29,field.knots30,field.knots31,field.knots32,field.knots33,field.knots34,field.knots35,field.knots36,field.pos_pts0.x,field.pos_pts0.y,field.pos_pts0.z,field.pos_pts0.w,field.pos_pts1.x,field.pos_pts1.y,field.pos_pts1.z,field.pos_pts1.w,field.pos_pts2.x,field.pos_pts2.y,field.pos_pts2.z,field.pos_pts2.w,field.pos_pts3.x,field.pos_pts3.y,field.pos_pts3.z,field.pos_pts3.w,field.pos_pts4.x,field.pos_pts4.y,field.pos_pts4.z,field.pos_pts4.w,field.pos_pts5.x,field.pos_pts5.y,field.pos_pts5.z,field.pos_pts5.w,field.pos_pts6.x,field.pos_pts6.y,field.pos_pts6.z,field.pos_pts6.w,field.pos_pts7.x,field.pos_pts7.y,field.pos_pts7.z,field.pos_pts7.w,field.pos_pts8.x,field.pos_pts8.y,field.pos_pts8.z,field.pos_pts8.w,field.pos_pts9.x,field.pos_pts9.y,field.pos_pts9.z,field.pos_pts9.w,field.pos_pts10.x,field.pos_pts10.y,field.pos_pts10.z,field.pos_pts10.w,field.pos_pts11.x,field.pos_pts11.y,field.pos_pts11.z,field.pos_pts11.w,field.pos_pts12.x,field.pos_pts12.y,field.pos_pts12.z,field.pos_pts12.w,field.pos_pts13.x,field.pos_pts13.y,field.pos_pts13.z,field.pos_pts13.w,field.pos_pts14.x,field.pos_pts14.y,field.pos_pts14.z,field.pos_pts14.w,field.pos_pts15.x,field.pos_pts15.y,field.pos_pts15.z,field.pos_pts15.w,field.pos_pts16.x,field.pos_pts16.y,field.pos_pts16.z,field.pos_pts16.w,field.pos_pts17.x,field.pos_pts17.y,field.pos_pts17.z,field.pos_pts17.w,field.pos_pts18.x,field.pos_pts18.y,field.pos_pts18.z,field.pos_pts18.w,field.pos_pts19.x,field.pos_pts19.y,field.pos_pts19.z,field.pos_pts19.w,field.pos_pts20.x,field.pos_pts20.y,field.pos_pts20.z,field.pos_pts20.w,field.pos_pts21.x,field.pos_pts21.y,field.pos_pts21.z,field.pos_pts21.w,field.pos_pts22.x,field.pos_pts22.y,field.pos_pts22.z,field.pos_pts22.w,field.pos_pts23.x,field.pos_pts23.y,field.pos_pts23.z,field.pos_pts23.w,field.pos_pts24.x,field.pos_pts24.y,field.pos_pts24.z,field.pos_pts24.w,field.pos_pts25.x,field.pos_pts25.y,field.pos_pts25.z,field.pos_pts25.w,field.pos_pts26.x,field.pos_pts26.y,field.pos_pts26.z,field.pos_pts26.w,field.pos_pts27.x,field.pos_pts27.y,field.pos_pts27.z,field.pos_pts27.w,field.pos_pts28.x,field.pos_pts28.y,field.pos_pts28.z,field.pos_pts28.w,field.pos_pts29.x,field.pos_pts29.y,field.pos_pts29.z,field.pos_pts29.w,field.pos_pts30.x,field.pos_pts30.y,field.pos_pts30.z,field.pos_pts30.w,field.pos_pts31.x,field.pos_pts31.y,field.pos_pts31.z,field.pos_pts31.w,field.pos_pts32.x,field.pos_pts32.y,field.pos_pts32.z,field.pos_pts32.w,field.yaw_pts0,field.yaw_pts1,field.yaw_pts2,field.yaw_pts3,field.yaw_pts4,field.yaw_pts5,field.yaw_pts6,field.yaw_pts7,field.yaw_pts8,field.yaw_pts9,field.yaw_pts10,field.yaw_pts11,field.yaw_pts12,field.yaw_pts13,field.yaw_pts14,field.yaw_pts15,field.yaw_pts16,field.yaw_pts17,field.yaw_pts18,field.yaw_pts19,field.yaw_pts20,field.yaw_pts21,field.yaw_pts22,field.yaw_pts23,field.yaw_pts24,field.yaw_pts25,field.yaw_pts26,field.yaw_pts27,field.yaw_pts28,field.yaw_pts29,field.yaw_pts30,field.yaw_pts31,field.yaw_pts32,field.yaw_pts33,field.yaw_pts34,field.yaw_pts35,field.yaw_pts36,field.yaw_pts37,field.yaw_pts38,field.yaw_pts39,field.yaw_pts40,field.yaw_pts41,field.yaw_pts42,field.yaw_pts43,field.yaw_pts44,field.yaw_pts45,field.yaw_pts46,field.yaw_pts47,field.yaw_pts48,field.yaw_pts49,field.yaw_pts50,field.yaw_pts51,field.yaw_pts52,field.yaw_pts53,field.yaw_pts54,field.yaw_pts55,field.yaw_dt
1751030008376739741,3,1,1751030008367076826,-1.5383953604565899,-1.02559690697106,-0.51279845348553,0.0,0.51279845348553,1.02559690697106,1.5383953604565899,2.05119381394212,2.56399226742765,3.07679072091318,3.5895891743987103,4.10238762788424,4.61518608136977,5.1279845348553,5.64078298834083,6.15358144182636,6.6663798953118905,7.179178348797421,7.691976802282951,8.20477525576848,8.71757370925401,9.23037216273954,9.74317061622507,10.2559690697106,10.76876752319613,11.28156597668166,11.79436443016719,12.30716288365272,12.81996133713825,13.332759790623781,13.845558244109311,14.358356697594841,14.981535018193131,15.789141943585559,16.486369001865228,16.999167455350754,17.511965908836284,0.050065387287629076,-0.0018890460960479091,-0.012832605735957174,0.0,-0.03178428773393855,-0.005300369113683736,-0.0028608041328846805,0.0,0.017846550517242016,-0.008711692131319561,0.0070658406337314635,0.0,0.1687634617430336,-0.01588557879680978,0.0064188239122448,0.0,0.3993661761025116,-0.026939480193791734,0.0014577999259730078,0.0,0.694380446139243,-0.039181575661640565,-0.0038953454506244416,0.0,1.042570821209966,-0.048151405208320404,-0.007674256276435092,0.0,1.435011386577028,-0.04916810253977681,-0.009507803589879982,0.0,1.8640448563902945,-0.038703792588238424,-0.009983396894972943,0.0,2.3228259936537397,-0.0154840013444679,-0.010005073470488401,0.0,2.804447458761845,0.019459796975846634,-0.009962140073989116,0.0,3.300491137248469,0.06258114704924661,-0.009968689094201457,0.0,3.7985678976868322,0.1083406196282776,-0.00999986633586269,0.0,4.2787741187919766,0.15000054435071328,-0.010000039063503552,0.0,4.73910118590172,0.17841093098588057,-0.009999988570609873,0.0,5.190777608569513,0.18211161403561937,-0.010000003643686887,0.0,5.649998833963223,0.152466362830573,-0.00999999773563609,0.0,6.129373883759734,0.09485735864837229,-0.010000004900164788,0.0,6.627220921761234,0.02239912810941036,-0.006791636346570314,0.0,7.127955200718418,-0.049623357402411285,-0.0006901449313450554,0.0,7.601738877176659,-0.1084597323090819,0.005561192058238485,0.0,8.039699567621406,-0.14881640266314242,0.009587512349715397,0.0,8.447108524261846,-0.17034371712553045,0.010002187828810499,0.0,8.837723148044075,-0.17510686964896713,0.006664565536508195,0.0,9.229870578399357,-0.1663208353265201,0.0009014369133663802,0.0,9.64175055668739,-0.14679642317988975,-0.005192811123171514,0.0,10.085960082577639,-0.11922581008919933,-0.00975655284398323,0.0,10.563015080206007,-0.08682351994089314,-0.010739700272419135,0.0,11.055021866649442,-0.0534609534406793,-0.006347079820076875,0.0,11.520308767170492,-0.024131678803886433,0.004401050236742046,0.0,11.888500854671797,-0.0037605705220027387,0.012118255530310427,0.0,12.057065947349253,0.0034290544390859624,-0.0124685804976831,0.0,11.888160384506186,-0.004161147731895406,0.013776011075077896,0.0,-0.0009991442784667015,-0.0009991442784667015,-0.0009991442784667015,-0.016030922794456615,-0.027054722349596078,-0.025063976225428247,-0.013393508519770947,0.0016262780313341704,0.016343971271271036,0.02999281891377229,0.04282445565665856,0.05482617868002673,0.06553425074139807,0.07433796841983409,0.0806736459515286,0.08395011581670006,0.08336928899690677,0.07786625602355172,0.06631896994434831,0.04802818161873462,0.023282912429627736,-0.006320509450690718,-0.038029241060383044,-0.06853227383991493,-0.09474831941789157,-0.11449192092374422,-0.1267765488217626,-0.13169063318925667,-0.1299650523920896,-0.12253347007074983,-0.1102881849848225,-0.09406519127446084,-0.07475602119541022,-0.05341973984117453,-0.031297899770696615,-0.009722117623059263,0.010060526905691997,0.0270781992293036,0.040772105486261916,0.051026457272548814,0.05808731930103762,0.06242541513871052,0.06459982254579856,0.06514426226606737,0.06450088181829239,0.06303373049918946,0.06109489756938008,0.05904135046217969,0.057099265569090785,0.0551137256044117,0.05241291277218646,0.04816016152159252,0.04256959711263073,0.03818178178729408,0.03818178178729408,0.03818178178729408,0.2979083385582181
1751030008397791481,3,2,1751030008385522388,-1.5270113529747475,-1.0180075686498318,-0.5090037843249159,0.0,0.5090037843249159,1.0180075686498318,1.5270113529747475,2.0360151372996635,2.5450189216245795,3.0540227059494955,3.5630264902744115,4.072030274599327,4.581034058924243,5.090037843249159,5.599041627574075,6.108045411898991,6.617049196223907,7.126052980548823,7.635056764873739,8.144060549198654,8.65306433352357,9.162068117848486,9.671071902173402,10.180075686498318,10.689079470823234,11.19808325514815,11.707087039473066,12.216090823797982,12.725094608122898,13.234098392447814,13.74310217677273,14.252105961097646,14.761109745422562,15.270113529747478,15.779117314072394,16.28812109839731,16.853357669631734,17.596058408998374,18.2825263614555,18.791530145780413,19.300533930105328,0.009077406944732308,-0.0020344055945092816,0.02300933423422748,0.0,-0.00025187568885512863,-0.005422894231562508,-0.03442567451235474,0.0,-0.009426214305248308,-0.008811382995898169,0.037485088341230335,0.0,0.014452162911721687,-0.012515089395539882,-0.007618508316357702,0.0,0.0945912991438819,-0.01784682858482508,-0.003242254913075989,0.0,0.24464624850435224,-0.02502291742142453,0.00761615678155901,0.0,0.47009754261751785,-0.03443946811462836,0.010894312372526709,0.0,0.7690410364931395,-0.04530229750873502,0.00448043682303726,0.0,1.1334067699744306,-0.05703016537203196,-0.008274434626417197,0.0,1.551627460660961,-0.06870185803041062,-0.011061900356474407,0.0,2.0083895166671875,-0.07842405472683255,0.03297375479265302,0.0,2.4876089898694462,-0.08445001994547671,0.1525371108960917,1.0,2.972568825620823,-0.08585858995117927,0.33876178109771093,1.0,3.4483537072863872,-0.08319820658307897,0.5603751492695852,1.0,3.9045928215815926,-0.07968111952058025,0.778382718837143,1.0,4.335394132455359,-0.07909885199263876,0.9634273551820871,1.0,4.740927691508266,-0.08527278698711652,1.094706517118377,1.0,5.124930978105914,-0.09987906842901942,1.1608692113005357,1.0,5.494138070875746,-0.12205792805256131,1.1595215264724192,1.0,5.856217877877309,-0.148775982713797,1.0960467535331586,1.0,6.218004497124808,-0.17593363302339263,0.9812995727324343,1.0,6.584827467417869,-0.1989663150634857,0.8297801279170056,1.0,6.960084133256954,-0.2143978648820706,0.6585181086477593,1.0,7.345136875055919,-0.21962470130546022,0.48489850807802387,1.0,7.74028555023027,-0.21346394841624183,0.3249597919420572,1.0,8.145198203937758,-0.19646949064998695,0.19122793203971128,1.0,8.56022445349172,-0.17055844726463545,0.09187128801593974,1.0,8.987008794036514,-0.13920602578357422,0.029179439430963947,0.0,9.426389893411034,-0.10634494930475782,-0.0009548000369011169,0.0,9.878740689099098,-0.07528015352980715,-0.008650030291468106,0.0,10.339915775548153,-0.04851124264228221,-0.005218574218372706,0.0,10.800226885305404,-0.02724784773756392,0.001690598914568986,0.0,11.240142251381682,-0.011649242058981475,0.006950266055466702,0.0,11.62771179685137,-0.0028092327003135403,0.008035854369331893,0.0,11.916474772085756,0.00014419834176026674,0.004264283847314904,0.0,12.041645168489923,-0.00040579208746404586,-0.004386838158156629,0.0,11.91650472911021,0.00022931398820915576,0.0048393932308461625,0.0,-0.001281366415307451,-0.0008445490741693236,-0.0013388520100917822,-0.023596935804239112,-0.04258256174940907,-0.0472641914373372,-0.042476149079738984,-0.03606432390537367,-0.03170145478746272,-0.02910520296805937,-0.02677968722956127,-0.023777949971737843,-0.019954367976368813,-0.015564298699928711,-0.010940430889001795,-0.006419865400327291,-0.0023853396399543775,0.0006997307377844204,0.00230552993267186,0.0019047582670655152,-0.0009155973092977661,-0.006335015024972981,-0.014206608854181445,-0.0240195457363408,-0.034915600682398455,-0.045770280249272634,-0.05534497985384566,-0.06248542226209778,-0.06630767592859343,-0.0663144930405341,-0.062415692944400865,-0.05487658752643222,-0.044234811338830664,-0.03120737865069017,-0.016601096934347918,-0.001238802278078838,0.01407752830468139,0.028581172808802305,0.04156762658030367,0.05244330224421763,0.060776781722324,0.06633469901961137,0.06909909946228737,0.06926771122905438,0.06722687147501924,0.06348117871454675,0.058558842778971214,0.05293040802727066,0.046977548256992026,0.04099804673303251,0.03520954961013643,0.029761371051957346,0.02475467826295626,0.02022485003911374,0.01608761828630733,0.01213892711392213,0.008175784962679828,0.0041864944774155635,0.000622750846262356,-0.0015041239077286444,-0.0015041239077286444,-0.0015041239077286444,0.29823827811861653
1751030011445099630,3,3,1751030011441136072,-1.5208308162145654,-1.0138872108097103,-0.5069436054048552,0.0,0.5069436054048552,1.0138872108097103,1.5208308162145654,2.0277744216194207,2.534718027024276,3.044117019505467,3.559671203854949,4.07522538820443,4.588324185477576,5.09526779088243,5.602211396287285,6.10915500169214,6.616098607096995,7.12304221250185,7.629985817906705,8.144747930444783,8.676211916330201,9.222791856816649,9.768760104244164,10.298026478324333,10.812176897803477,11.319120503208332,11.827741900883156,12.4025461631783,13.120743494940262,13.772757962081904,14.27970156748676,14.786645172891614,0.49422479130986924,-0.05660232348229742,0.011654372650209893,0.0,0.7607181323030149,-0.035963724207236855,0.00259869996247643,0.0,1.1557256484014546,-0.07959104753173456,-0.006417799258681696,0.0,1.5785055653515132,-0.13659787511812,-0.00674729000581124,0.0,1.994018996476128,-0.17301802272169953,-0.005227157205989287,0.0,2.408429760384583,-0.16793200655133328,-0.0060909324499823165,0.0,2.8440748967838574,-0.11676488637319055,-0.007637825002685528,0.0,3.318256356342305,-0.03004615964091936,-0.009386797928379275,0.0,3.8276046544629554,0.06627114036064226,-0.010015080113837728,0.0,4.342289518400646,0.13887228213112032,-0.009995392173753354,0.0,4.838449696042216,0.16309671554180077,-0.010001385778448212,0.0,5.3082618805780815,0.1307599367861711,-0.009999591148902358,0.0,5.75973715276082,0.0513946302352058,-0.010000109292848783,0.0,6.211607489300823,-0.045826658773549904,-0.010000006575628249,0.0,6.680144068106776,-0.13734389763144353,-0.00999986515402883,0.0,7.170016436650843,-0.20754903905903901,-0.010000494914768206,0.0,7.66639400734431,-0.2506231277400069,-0.009998306011460588,0.0,8.168969078564293,-0.26799258102452983,-0.009914179765814966,0.0,8.683680496741829,-0.26544096063274886,-0.009980942244505412,0.0,9.212487097988491,-0.25079268495085605,-0.010062637614187285,0.0,9.748235340834675,-0.2298760733948832,-0.008849335561390085,0.0,10.277978095676993,-0.20251167793898103,-0.006697993070441153,0.0,10.785843172670232,-0.16400374238287124,-0.0019520194913692848,0.0,11.252441634832365,-0.11295619291491533,0.004434464552224818,0.0,11.646985189569683,-0.05707488673691076,0.004626186239326469,0.0,11.926079278106515,-0.01179902297425701,-0.031653431528876314,0.0,12.036700866972433,0.006194754084930724,0.032547934973727835,0.0,11.926144966819598,-0.011873761150153895,-0.03588626727743498,0.0,-0.026133013957232772,-0.022906472216148003,-0.018920911012820913,-0.001586426367295694,0.03473990231515661,0.0800716734066639,0.12032848968387413,0.1463645650148895,0.1553347918800095,0.14794879516671988,0.1258545432487894,0.09081670385222186,0.045287675896059525,-0.006805765206228377,-0.05999085749569364,-0.10808454412006654,-0.14549945971195644,-0.16850443302943172,-0.17597649203306834,-0.16936924062564762,-0.15194202370994248,-0.1276143680992938,-0.10001870070468469,-0.07204635562960146,-0.045783795983273555,-0.022591493773542408,-0.0031676067189920394,0.01245636696449726,0.024897560225461572,0.03528235872244494,0.04494048732433965,0.05502177557945491,0.06618765549756787,0.07850880334220958,0.09158002565624164,0.10476270779500386,0.11740483537451747,0.12897322014976995,0.13911564700050244,0.14760784020879675,0.15418827150079786,0.15851448234850957,0.16043944731666165,0.16046724028324696,0.15986607811589346,0.15986607811589346,0.15986607811589346,0.29819871579409685
1751030011479059242,3,4,1751030011459455161,-1.531409584124706,-1.020939722749804,-0.510469861374902,0.0,0.510469861374902,1.038771472125565,1.5918791559254344,2.1583364962754543,2.7076710516502223,3.2321995339757836,3.743378359751195,4.253848221126097,4.764318082500998,5.2747879438759,5.785257805250802,6.3049249836223344,6.824592161993866,7.344259340365399,7.854729201740301,8.365199063115204,8.875668924490107,9.38613878586501,9.896608647239912,10.407078508614815,10.917548369989717,11.42801823136462,12.04836673040047,12.852306353167132,13.546367338272846,14.056837199647749,14.567307061022651,0.5008774768010619,-0.056001545482682095,0.011070690546675413,0.0,0.7736116704962767,-0.03755033986079601,0.0024682306729335622,0.0,1.176654459782997,-0.08426382354712561,-0.006095973680307702,0.0,1.6602089467461376,-0.1314237917546385,-0.006910388538937155,0.0,2.188459510510663,-0.14353029550522395,-0.005893821601573304,0.0,2.7355710420825163,-0.10903851050207827,-0.005768086359528707,0.0,3.2818185633829735,-0.03494898600872034,-0.007042681499766215,0.0,3.810113087375878,0.05948909448116192,-0.008863395532704944,0.0,4.302124395459421,0.14950711339335962,-0.01001432465272772,0.0,4.760316266006071,0.21202749650408315,-0.00999562091885414,0.0,5.202092490154242,0.2327313318808684,-0.01000132432117919,0.0,5.650291063518865,0.20564409540988038,-0.00999958363262371,0.0,6.1233687776770855,0.1382456174082285,-0.01000020115422406,0.0,6.625397358643791,0.04663776317318962,-0.008145561833094925,0.0,7.145013490029186,-0.04952178524401547,-0.00429412397443767,0.0,7.654568091376577,-0.13230377513027494,0.0004280258410494314,0.0,8.144830680214675,-0.19141856939621418,0.004305513974366468,0.0,8.619204853339648,-0.2224745652215853,0.005955780973361883,0.0,9.08835080420061,-0.22557563939834369,0.004826892908210771,0.0,9.564695138181616,-0.20435468485819586,0.0012729918386761752,0.0,10.05657836027316,-0.16517564256352693,-0.0033351277139740745,0.0,10.562736385786723,-0.11656197214421175,-0.006052752817241382,0.0,11.066493171277289,-0.06802495735289264,-0.0013683958210485465,0.0,11.530593027907518,-0.028242038244073658,0.019876800665506435,0.0,11.892173315324388,-0.0035195524069166636,-0.06466214870975306,0.0,12.056666923526077,0.0037379458401979593,0.06651469708453844,0.0,11.891467162410393,-0.004026851868183677,-0.07342850174279847,0.0,-0.02573031077023656,-0.022813612225747452,-0.018361340607864395,0.010606079001037487,0.053280325900260286,0.09425897394478143,0.125583040288788,0.1457331083322642,0.15505562961036912,0.15312248069259468,0.13873023780868168,0.11123236115995806,0.07188089653815437,0.024331350226872328,-0.02595555793979131,-0.07314470033015145,-0.1125331876881173,-0.14142332619884687,-0.1591146031564323,-0.1662775612356273,-0.1641691424163557,-0.15409054463928662,-0.13720033321161607,-0.11460201975197387,-0.08754672517920928,-0.05760578650485142,-0.02669049490567884,0.0031195840748226215,0.029881763112552754,0.05210989149081651,0.06899340595034856,0.08045229086408537,0.08700734852444143,0.08952302911915784,0.08895010285033252,0.08620583650140222,0.08217486384758445,0.07766581558468676,0.07318162466920095,0.06859775636819514,0.06305254849848516,0.05548917789387758,0.04639315992768001,0.03957516542114606,0.03957516542114606,0.03957516542114606,0.29889084542249145
1751030011599011362,3,5,1751030011594897973,-1.5541766879015997,-1.0361177919343998,-0.5180588959671999,0.0,0.5180588959671999,1.0361177919343998,1.5541766879015997,2.0722355838687996,2.5902944798359995,3.1083533758031994,3.6264122717703993,4.144471167737599,4.662530063704799,5.180588959671999,5.698647855639199,6.216706751606399,6.734765647573599,7.2528245435407985,7.770883439507998,8.288942335475198,8.807001231442399,9.3250601274096,9.8431190233768,10.361177919344001,10.879236815311202,11.397295711278403,11.915354607245604,12.433413503212805,13.000182024983248,13.724401441445181,14.39991123210387,14.91797012807107,15.436029024038271,0.5384897423244862,-0.04847621595220497,0.010162336947229119,0.0,0.8773311208490382,-0.044358544031741595,0.002265059657441479,0.0,1.2832804791703516,-0.10736134476653283,-0.005594970541689289,0.0,1.6986126150773773,-0.22986376758564142,-0.007164288289971659,0.0,2.105508320881006,-0.3919471512529414,-0.0069433854004724085,0.0,2.511738713375999,-0.5652319164099768,-0.0070690038199059365,0.0,2.936008407974249,-0.7179635775923763,-0.008004169270586782,0.0,3.39433874448642,-0.8212641022895486,-0.009241234021689235,0.0,3.887886951737758,-0.8550056416254997,-0.010013147044624346,0.0,4.390211207017125,-0.8118985960114943,-0.009995982560030467,0.0,4.881068439016574,-0.7013452851968274,-0.010001209187495072,0.0,5.349915474093462,-0.5457533765257118,-0.009999639863734132,0.0,5.799660681012271,-0.3796522190899438,-0.010000108190347575,0.0,6.2442924729093745,-0.23701472640011984,-0.009999960870013987,0.0,6.697624912045402,-0.13571338506393257,-0.010000037516263638,0.0,7.163722063220301,-0.08024269248786757,-0.00999989882312443,0.0,7.6267249898368465,-0.06475289679395059,-0.010000338971799617,0.0,8.08186756362162,-0.07730986692880393,-0.00999884840924026,0.0,8.530912570222304,-0.10426399317083106,-0.010003883132425829,0.0,8.979447240908039,-0.1327525697191926,-0.009987052976747351,0.0,9.433828227504254,-0.1524096352781167,-0.008295031504308343,0.0,9.897111013841643,-0.15680985673138706,-0.004731412646514236,0.0,10.366103574988362,-0.14416435005830933,7.148103432276937e-05,0.0,10.82985924827342,-0.11661808971249403,0.004671830912473015,0.0,11.267669048471806,-0.07937754918561325,0.00621860980928605,0.0,11.646974587198807,-0.04018120785436457,-6.175278817998481e-05,0.0,11.922920065774738,-0.00871060490557841,-0.02151211599650911,0.0,12.038281626321282,0.004787122806721857,0.022146692835726647,0.0,11.922988170723778,-0.008824443308894337,-0.024514965840998926,0.0,-0.02313329642000503,-0.02235875148981621,-0.009681163919981105,-0.1609780892807702,-0.3079315005520976,-0.3500788928314107,-0.3019105490286381,-0.2164828567706047,-0.12908620424137315,-0.04887949563078784,0.026787245895680826,0.09985269085110293,0.16798004265678068,0.22640529798036063,0.270492609108304,0.2970803125663474,0.30478771666152277,0.29404865258619867,0.2671426416581219,0.22800521100443655,0.18155826772034223,0.13276625951730267,0.08582726155970262,0.04381695366868009,0.008741753008818232,-0.018214084086059516,-0.03648537958627659,-0.04605571390004211,-0.04746579607465375,-0.04179016521715732,-0.03051719499649179,-0.015352852895609526,0.001996335714240657,0.019999986561998428,0.03741956945575418,0.05336623578853364,0.06731367409493628,0.07906372352328433,0.08866765833354996,0.0963288196060801,0.10234042099251545,0.10701741208811989,0.11057345171089401,0.11303282316720087,0.11433629830379044,0.11461776792642807,0.11441489287135706,0.11441489287135706,0.11441489287135706,0.2983565530748952
1751030011671164813,3,6,1751030011666211638,-1.5155669802556813,-1.0103779868371208,-0.5051889934185604,0.0,0.5051889934185604,1.0103779868371208,1.5155669802556813,2.0207559736742415,2.525944967092802,3.031133960511362,3.5363229539299224,4.041511947348483,4.546700940767043,5.051889934185604,5.557078927604164,6.062267921022724,6.567456914441284,7.072645907859845,7.577834901278405,8.083023894696966,8.588212888115526,9.093401881534087,9.598590874952647,10.103779868371207,10.608968861789768,11.114157855208328,11.619346848626888,12.124535842045448,12.721427208510322,13.498221274376785,14.183312967196933,14.688501960615493,15.193690954034054,0.5904454146674553,-0.022581531149832423,0.009289030510882168,0.0,0.9302619572469218,-0.060228747102221904,0.002071405678016126,0.0,1.3338903251379919,-0.09787596289662669,-0.0051154253805036414,0.0,1.7472829480443002,-0.15472517871455735,-0.0074073720371436325,0.0,2.1524583191933133,-0.23964866445637728,-0.007677974696159249,0.0,2.555787473443885,-0.3494062560504499,-0.0077639997615559205,0.0,2.97617109111893,-0.46908648015069715,-0.008452264685660934,0.0,3.4303369183809185,-0.5771162148572094,-0.009379098426493409,0.0,3.9186794429125604,-0.6488199493541099,-0.010012019929967598,0.0,4.410406199529874,-0.6628371644924674,-0.009996326959239334,0.0,4.88884016612743,-0.6095636385348097,-0.009960956294171649,0.0,5.349996605316549,-0.49864885192773767,-0.009999670418655853,0.0,5.799977481003086,-0.3643463178697448,-0.010000100038630092,0.0,6.248290902996117,-0.2419028596888037,-0.00999996030336313,0.0,6.701676557267569,-0.14943095026322972,-0.010000047916937576,0.0,7.158327931677716,-0.09116944183835453,-0.009999860476266517,0.0,7.600706983549407,-0.06366196618160147,-0.010000471219456391,0.0,8.026639458925377,-0.05792187868407662,-0.009998398032687835,0.0,8.442541344735378,-0.06259454020452175,-0.010005402061212499,0.0,8.858031009113688,-0.06784006543022207,-0.009981988690001326,0.0,9.284727269835233,-0.06739482841583803,-0.010059197897205342,0.0,9.732024904761762,-0.05846356347620513,-0.009809005879945591,0.0,10.202744353735628,-0.04144050556722685,-0.007597711711826397,0.0,10.687574594104651,-0.01922481608526888,-0.0022042092238780168,0.0,11.162798834892579,0.00193477552482663,0.004740178725714071,0.0,11.588617308096653,0.012471252699137554,0.003822602140085056,0.0,11.908193617383333,0.00773248202205073,-0.029913447296362746,0.0,12.046305950727167,-0.0036350443020919864,0.03075299850086529,0.0,11.90809232247594,0.007674335525343305,-0.03388624625162978,0.0,-0.0335502079588847,-0.01375397880367659,-0.024401457787085475,-0.12794497261403837,-0.22423402279803983,-0.2594186234293584,-0.24218306722328173,-0.19999200833283998,-0.14979105231449938,-0.0950958693487079,-0.03462986959232061,0.030736655098288258,0.09640458666660308,0.15577035989202123,0.2025404707243061,0.2323456213741061,0.2434639641619138,0.23690006836687708,0.2159352868895368,0.1851830955865627,0.14948577847134387,0.11305739171824865,0.079098476133415,0.04981856327781757,0.02663812758870296,0.010333514724954284,0.0010514947747611756,-0.0017409547022804374,0.0007821691282419574,0.007004204209550433,0.015154677716085191,0.023565532045662117,0.030829677931898534,0.03588437842559726,0.03806171587488639,0.037097887320407245,0.033091523190555236,0.026487815914683514,0.018033173940297412,0.008503535964690556,-0.001838584547529174,-0.01359908301727157,-0.027881601368561104,-0.04513157072886605,-0.06295365501986544,-0.07474136524266572,-0.07474136524266572,-0.07474136524266572,0.29996047276392857
1751030011691340314,3,7,1751030011685891723,-1.5189021923574335,-1.0126014615716223,-0.5063007307858112,0.0,0.5063007307858112,1.0126014615716223,1.5189021923574335,2.0252029231432447,2.5315036539290556,3.0378043847148666,3.5441051155006775,4.0504058462864885,4.556706577072299,5.068182237220273,5.582873736361238,6.098041386659211,6.608034107595022,7.1148109895378395,7.6211117203236505,8.127412451109462,8.633713181895274,9.140013912681086,9.646314643466898,10.15261537425271,10.658916105038521,11.165216835824333,11.671517566610145,12.177818297395957,12.770023005333355,13.541896292183027,14.227865601881113,14.734166332666925,15.240467063452737,0.6021763053956787,-0.023948567027523803,0.008790831432468532,0.0,0.94521730494839,-0.06169318354063841,0.0019602312715588945,0.0,1.3523508395602855,-0.09943779980130735,-0.004840969840885295,0.0,1.7643668141920235,-0.11390020294577645,-0.00754647035428644,0.0,2.1580312032177056,-0.10767808310725438,-0.008659237583289906,0.0,2.534290711427117,-0.09851785439091917,-0.009315407799736448,0.0,2.907614337483686,-0.10934409999346342,-0.009767853094938987,0.0,3.2964317466638198,-0.1588691130458661,-0.009963508755195007,0.0,3.714039352119254,-0.25164932630013565,-0.009975043615756782,0.0,4.159682793613121,-0.36966373507265454,-0.009996524026816172,0.0,4.638336573880873,-0.46633969018323,-0.010001046271093003,0.0,5.138574913540615,-0.4971333739409384,-0.00999968818455293,0.0,5.6499999436155095,-0.4499418428592864,-0.01000009437827107,0.0,6.162915491234052,-0.34558480265325325,-0.0099999634563185,0.0,6.673510225332929,-0.22564094836603463,-0.010000041793056302,0.0,7.1747000781882075,-0.12915942566909985,-0.009999880231095062,0.0,7.646278438619355,-0.07053043356001541,-0.009993893580196147,0.0,8.08512553419571,-0.046307496334361424,-0.009998627260264096,0.0,8.500552378894247,-0.04369415040745405,-0.010004629022744823,0.0,8.908876998284313,-0.0492514418852393,-0.009984566122936783,0.0,9.327004798688424,-0.05310420406547569,-0.010050726677579185,0.0,9.766812117091458,-0.049186483270000934,-0.009146072589464071,0.0,10.230879957778102,-0.036071242573465875,-0.005913584712487339,0.0,10.709570036180981,-0.01699720902048722,-1.7810494935029308e-05,0.0,11.178564676618675,0.0014814548740134492,0.0054928140849498566,0.0,11.597711024576295,0.010835080127298169,0.0018447981740473875,0.0,11.910728842830046,0.006893352766335799,-0.02563377576074492,0.0,12.044909272305771,-0.0033299185383893096,0.026356350868213856,0.0,11.91065972409372,0.006863866687285138,-0.029053037881577558,0.0,-0.032085150983467536,-0.013052576274064205,-0.027283700351156355,-0.030536421119230633,-0.03278123836536999,-0.04949920436263433,-0.08321504976321492,-0.12547964119424598,-0.16457298265301162,-0.19090080089131334,-0.19876042971990746,-0.18600531001630763,-0.15327897359976264,-0.1036365255848373,-0.042492843277967034,0.022746025028980512,0.08391679112771569,0.1338712811086407,0.1679716285718632,0.18459028571312786,0.184634562277936,0.1707164272957194,0.14648711810174914,0.11615452626967117,0.08403891017079029,0.054081634397414494,0.029399571624803,0.01194869558962477,0.0023444462486489053,-9.424873273116174e-05,0.002979700616546012,0.00943191636146205,0.017125859094407617,0.024251000914439005,0.029484661348104492,0.032033352381091645,0.03159079280224557,0.02826120517298738,0.0225177658596917,0.015117288896529146,0.0067870393373855396,-0.0022937287569482156,-0.01275866877983259,-0.025678224102420488,-0.04146986814411972,-0.0578646777335467,-0.06870691963919545,-0.06870691963919545,-0.06870691963919545,0.2943890498300658
1751030011787703259,3,8,1751030011779749583,-1.5256268621375522,-1.017084574758368,-0.508542287379184,0.00010624660969758762,0.5087547805985793,1.0172970679777633,1.5258393553569474,2.034381642736131,2.542923930115315,3.051466217494499,3.5600085048736827,4.068550792252867,4.577093079632051,5.085635367011235,5.5941776543904185,6.108896762418234,6.63283766944488,7.156778576471528,7.674542662849544,8.183084950228729,8.691627237607912,9.200169524987096,9.70871181236628,10.217254099745464,10.725796387124648,11.234338674503832,11.742880961883015,12.2514232492622,12.810819765379302,13.54696015347504,14.23224631283286,14.740788600212044,15.249330887591228,0.6607976782314113,-0.07573826035622161,0.008247372786299683,0.0,1.0162388402550493,-0.048957814630106664,0.0018388975239961235,0.0,1.4363423952617291,-0.15151316883269256,-0.0045415055082867455,0.0,1.857936101915266,-0.3303394674492461,-0.007698241435321296,0.0,2.2566999464769295,-0.5377375242201458,-0.009086155364954494,0.0,2.6352337067587395,-0.7335568687157323,-0.009678961445499679,0.0,3.011120375445026,-0.8871660915395595,-0.010106892548202085,0.0,3.404748026395141,-0.9782971514005439,-0.009965765983648605,0.0,3.8263682551311806,-0.9965466414596487,-0.010010671427123799,0.0,4.262080309545551,-0.9405754123085538,-0.009996739046218377,0.0,4.709819946006905,-0.8186275669515058,-0.01000098152463368,0.0,5.171313965769397,-0.6501558508089654,-0.009999707570360783,0.0,5.649802589903705,-0.4619149156716761,-0.010000088196836706,0.0,6.146724889169024,-0.2860420723150418,-0.009999966915524463,0.0,6.661393142968101,-0.15000034679365892,-0.010000035045223676,0.0,7.183223843761756,-0.06924058742852966,-0.00999990201371584,0.0,7.687296794636732,-0.04247528548265949,-0.010000329555214713,0.0,8.16509245856504,-0.05643108791780719,-0.009998880034083295,0.0,8.619456151770954,-0.09346208637746795,-0.010003776578518373,0.0,9.059302313964132,-0.1365326433193927,-0.009987408302920152,0.0,9.494935865131511,-0.17161162933796392,-0.00824936670882604,0.0,9.9344414024261,-0.1894765803513025,-0.004364763185993918,0.0,10.380178266086197,-0.1861111067509929,0.0007549696617364682,0.0,10.825651715747135,-0.16174094466486116,0.005252551850178906,0.0,11.253320639600258,-0.11989968472914175,0.006322740080278239,0.0,11.632574650152721,-0.06774180306138566,-0.00033607964520144563,0.0,11.91710433450224,-0.01793301730326571,-0.020914860036674806,0.0,12.041469710303629,0.008892848446032707,0.021509593877375586,0.0,11.917098763625955,-0.017914260550181287,-0.02372917078785625,0.0,-0.01971776357482621,-0.01608623754329378,-0.031630777205132014,-0.21913309801997893,-0.3788194604743717,-0.4082265073004539,-0.3351289936026786,-0.22401428722745653,-0.11484562984940647,-0.017558434717369713,0.07030421303574994,0.1501711956540732,0.21953763363796516,0.27445910364661585,0.3121089777241883,0.33161105723054624,0.3336572458913551,0.319907716080587,0.2926304294680225,0.25457549200882196,0.20887579774488144,0.1588800578676789,0.10792684311989537,0.05913128295974979,0.015232278136098511,-0.02148632331823165,-0.049262178569573475,-0.06696887493247759,-0.07426766035493744,-0.0717030348173451,-0.06063258859312491,-0.04298972603267846,-0.020947325836300486,0.0034065217521747405,0.028309741097648472,0.05246182694311527,0.07505455071747424,0.09568938369603294,0.11418268344226001,0.13040854284858633,0.1443854414912806,0.15652110088275734,0.16765301343060574,0.17874419866762595,0.19030960779674458,0.20130123107932224,0.2082992507042635,0.2082992507042635,0.2082992507042635,0.29449682406229005
1751030011857919046,3,9,1751030011852746020,-1.5617787860676828,-1.0411858573784551,-0.5205929286892276,0.0,0.5205929286892276,1.0411858573784551,1.5617787860676828,2.0823717147569103,2.6029646434461378,3.1235575721353652,3.6441505008245927,4.164743429513821,4.685336358203048,5.2059292868922755,5.726522215581503,6.2471151442707304,6.78180327545567,7.330119583433586,7.878435891411502,8.412656996893705,8.933249925582933,9.45384285427216,9.974435782961388,10.495028711650615,11.015621640339843,11.53621456902907,12.056807497718298,12.577400426407525,13.176545831013033,13.959405092204456,14.663711877479596,15.184304806168823,15.70489773485805,0.716879035411832,-0.013834997726602639,-0.02484113297575154,0.0,1.1328208552326795,-0.06941608763537933,0.03999063765873712,0.0,1.5495943525232423,-0.12486585044308875,-0.030394207361870946,0.0,1.922012493924697,-0.16275889634806243,-0.08246337507516835,1.0,2.239138356968886,-0.1745115994003076,-0.07314723240987049,1.0,2.514420769834372,-0.15823584115354447,-0.026608132930508597,1.0,2.7757109644758384,-0.1169513430861525,0.009046309441281668,0.0,3.055061507464216,-0.0568300124531415,0.0049495027545805445,0.0,3.3784626583268222,0.01392268605174015,-0.005487117573361226,0.0,3.755679098485566,0.08559994552036522,-0.010115039118949723,0.0,4.17008748128606,0.14732623758495073,-0.009905895003542662,0.0,4.613822696290652,0.18839115680078922,-0.010024941816588953,0.0,5.083902793363159,0.20022646601238936,-0.009993392150094366,0.0,5.578781055472986,0.1765451270672122,-0.010001743439307853,0.0,6.094999906012172,0.11830313599930559,-0.009999564247584296,0.0,6.629635977904242,0.037069404860997586,-0.009813994965613627,0.0,7.173200886077219,-0.04992287839349466,-0.009627139279613336,0.0,7.702952744838224,-0.12586454012037757,-0.00963892649936299,0.0,8.21192242065105,-0.1813081156632765,-0.009864312314864442,0.0,8.704007143009466,-0.21198464390913982,-0.009987150785307023,0.0,9.188767030858674,-0.21753943942207526,-0.009071917573276007,0.0,9.67606535757711,-0.20130179689183927,-0.005948453424251969,0.0,10.17094805351928,-0.16901245530252523,-0.0008470317728791348,0.0,10.66883308003878,-0.127161371366177,0.0043393854771326575,0.0,11.151208091384355,-0.0822876067175224,0.006246897985538142,0.0,11.582241916053508,-0.0408840996120544,-0.00013592058671077663,0.0,11.906621756068908,-0.009662977136176523,-0.02135252346975695,0.0,12.047803749363613,0.003886016595093109,0.021988502167513076,0.0,11.906325223052795,-0.009411445856497143,-0.02436200697993041,0.0,-0.025538826296240182,-0.012068656854552813,-0.056567785331147515,-0.035240694035724864,0.03386480795201906,0.10519713113517395,0.15501771816986368,0.18183712445261913,0.19228693533910168,0.19191643893010346,0.18338421646738537,0.1678498460749419,0.14622510854066012,0.11948830225912563,0.0886098483198588,0.05460677899635452,0.018748754926074744,-0.017325971430367973,-0.0517220180639125,-0.08253324444667459,-0.108085250649707,-0.127125355003569,-0.13894340622753454,-0.14339117485043218,-0.1407947472539595,-0.13179124326121042,-0.11719134774610639,-0.09793324715891152,-0.07512305132888586,-0.05008109778767852,-0.02431029560416441,0.0006469150347056966,0.02342068354292163,0.04301569328403389,0.05892467324552698,0.07113000181635695,0.08000390044961495,0.08615093742683749,0.09024146112656298,0.09287609129824781,0.09449993851101218,0.09538362908538768,0.0956923256869486,0.09565706829413416,0.09574243188303472,0.0965516296042384,0.09825239698485663,0.09986917303837985,0.09986917303837985,0.09986917303837985,0.2970086189830735
1751030011886270058,3,10,1751030011875257574,-1.5091613569526747,-1.006107571301783,-0.5030537856508915,0.0,0.5030537856508915,1.006107571301783,1.5091613569526747,2.012215142603566,2.516227532067195,3.020239921530824,3.524252310994453,4.0273060966453444,4.530359882296236,5.033413667947127,5.536467453598019,6.03952123924891,6.553921369885961,7.081028300960034,7.621726120963908,8.166192090724875,8.709812952854977,9.242986971901718,9.761046496205209,10.26724432770254,10.770298113353432,11.273351899004323,11.827951711464365,12.535239067083765,13.190980395894016,13.694034181544907,14.197087967195799,0.7701111777320465,-0.017715067541825735,0.009970955990878293,0.0,1.1409088602841968,-0.07123224902186404,0.0022236411030988348,0.0,1.5749803736170713,-0.1247413336341937,-0.005491173546509317,0.0,2.0261846013774107,-0.20570342746490677,-0.007216939213398897,0.0,2.481795237445488,-0.3172022182940831,-0.006678721428872273,0.0,2.9477430804236673,-0.44468669844894537,-0.006801463827975573,0.0,3.433595163392152,-0.5631052830682082,-0.00836215859039847,0.0,3.937557247477216,-0.6445973791756137,-0.009958607708579103,0.0,4.431577786964797,-0.6664905424405658,-0.010012902938545263,0.0,4.9024671139965825,-0.6183008282442214,-0.009996056660770832,0.0,5.349995754011001,-0.5086213965500427,-0.01000118861926582,0.0,5.784693934810491,-0.37081192815434466,-0.009999639935057257,0.0,6.226270947771257,-0.24319444729673997,-0.010000129148045255,0.0,6.692732157475986,-0.14955470069676977,-0.009999882369709953,0.0,7.190617723567092,-0.09975872534612207,-0.010000308277781917,0.0,7.704967548825578,-0.09138379310505391,-0.009458744925144901,0.0,8.2282413031027,-0.11394139349236382,-0.007980759614786045,0.0,8.757087762260035,-0.152650896475935,-0.005231965803042542,0.0,9.288500600421878,-0.19145345243285491,-0.0013493995855653606,0.0,9.817970938976517,-0.2157592742430577,0.0030881697828090034,0.0,10.337063130617794,-0.21573379777485766,0.006914016441316831,0.0,10.832027526904984,-0.18828335858336084,0.008616890471549643,0.0,11.282197602639519,-0.13789077580354459,0.006652432253000643,0.0,11.659545431574648,-0.07584399345385727,-0.0012028552282796652,0.0,11.926881093400565,-0.019176696420972916,-0.019037178596358686,0.0,12.036275682551931,0.009388468223297641,0.019567015283328704,0.0,11.926951897925315,-0.01912682374166656,-0.02154439271888863,0.0,-0.0197879024987177,-0.014876213276777597,-0.05905865345097172,-0.15600011783889378,-0.22180441935052933,-0.22759196529359052,-0.1892753742552404,-0.13075792046647475,-0.06618001709981929,0.0002158034862051638,0.06693861940102458,0.13101418851001784,0.1880349516507087,0.22963851963265755,0.24821965210323935,0.2433082880948517,0.22034691594856187,0.18457360941107767,0.14180813962534342,0.09459766376800911,0.051620042543031784,0.014407074468268406,-0.016920386793994116,-0.03931912576109501,-0.052267639507170185,-0.05739879236614979,-0.05567451485788988,-0.04493943765111039,-0.025924662515836305,-0.0052457160955828456,0.01750093698316461,0.04383894808641389,0.07400908287902061,0.10143094840155388,0.12321065105497941,0.1437878779079247,0.16347354899273128,0.18182984925319837,0.19808477322456736,0.21111571047457653,0.22388006635411853,0.23915712399795205,0.25021449928198114,0.25021449928198114,0.25021449928198114,0.2984580730258039
1751030011968244319,3,11,1751030011963676827,-1.544109762861381,-1.0294065085742539,-0.5147032542871269,0.0,0.5147032542871269,1.0294065085742539,1.544109762861381,2.0588130171485077,2.5735162714356346,3.0882195257227614,3.602922780009888,4.1176260342970155,4.657570064918008,5.239510819251111,5.865351942804138,6.5120532275517,7.1542148630158815,7.766469155944584,8.33262251134489,8.861318792316462,9.37602204660359,9.890725300890717,10.405428555177844,10.920131809464971,11.434835063752098,11.949538318039226,12.464241572326353,13.04470477098062,13.805553495650907,14.50064227595406,15.015345530241188,15.530048784528315,0.8234152697599483,0.016398110479825742,-0.02242222240209896,0.0,1.2902408954104942,-0.10559391022001699,0.03950963678475093,0.0,1.691737137918831,-0.09517223196370637,-0.03073892729657683,0.0,2.016630184488737,-0.029581572801490718,-0.08242730598055324,1.0,2.2778961985110473,0.043411150874073656,-0.07328383920778606,1.0,2.5055304964669167,0.09960021818883105,-0.027090394282437355,1.0,2.7377260639565124,0.13221767034490256,0.008594711210247836,0.0,3.013169336409215,0.1453784702326978,0.005070584040300898,0.0,3.3605184509275015,0.1480553705890847,-0.004946745188911519,0.0,3.790241688172547,0.148891948374192,-0.009709517058482992,0.0,4.283233646181838,0.15167131500906272,-0.009908227575953386,0.0,4.823126206477402,0.1508906890968821,-0.01002432016519594,0.0,5.396600215655365,0.1334735894359229,-0.009993545732930351,0.0,5.9915601356155594,0.08869251719207408,-0.010001747743245543,0.0,6.595574351240904,0.02290941233222938,-0.00999940596376841,0.0,7.193046087648765,-0.05000172013094649,-0.010000606882794168,0.0,7.762025226587317,-0.11540311969366919,-0.009998309910920329,0.0,8.297849508968353,-0.16350233544669923,-0.010005601368949523,0.0,8.806525951735143,-0.18965307440104648,-0.009981349625716182,0.0,9.298167724869966,-0.19327186678278196,-0.010061292183022335,0.0,9.78224107349284,-0.17724430525302123,-0.009802248410413508,0.0,10.264023154326072,-0.14677817610784222,-0.00871033740258963,0.0,10.740610772928736,-0.10876325075113105,-0.0035425574449009073,0.0,11.197559880927948,-0.06966567027746537,0.004553679457525423,0.0,11.6043837841954,-0.03479189911826468,0.0043136736830442605,0.0,11.911399722503223,-0.008729062227304808,-0.030981255518002182,0.0,12.046220994192034,0.0030014373559684488,0.03188348333079236,0.0,11.910899451097912,-0.008374055382838235,-0.035250643368640616,0.0,-0.013457435025106115,-0.022927688860021393,-0.08100041155514284,0.022831027437895283,0.14322613926165279,0.17990209524873138,0.142462266469248,0.08322995930106818,0.03868177257356362,0.016507101453643536,0.008709110495149858,0.005887687173916675,0.002913605788078298,-0.0018372790924334557,-0.008761599992616024,-0.0181748847174534,-0.030244574671969546,-0.04460700411308556,-0.06026453901633646,-0.07580164575066817,-0.08972883456922312,-0.10077200622557375,-0.10802759961187537,-0.1109838564619948,-0.10943628696675042,-0.10339179335595805,-0.09302428000724508,-0.07868881559247495,-0.060972793712878524,-0.04074287814241773,-0.019146348770939643,0.002474258727964356,0.02276058785424732,0.04057054434124326,0.05516848405134788,0.06631194257568625,0.07421154939317905,0.0793997617431616,0.08255407286146493,0.08432256244023076,0.08519024712068009,0.08543709237268705,0.08523976006819789,0.08491666994268167,0.08512637108400112,0.08666274597604263,0.08957415318202953,0.0921937871694426,0.0921937871694426,0.0921937871694426,0.29373518075852995
1751030012007977722,3,12,1751030012003495259,-1.5597551666802667,-1.0398367777868445,-0.5199183888934222,0.0,0.5199183888934222,1.0398367777868445,1.5597551666802667,2.079673555573689,2.599591944467111,3.119510333360533,3.639428722253955,4.159347111147377,4.679265500040799,5.215602786793447,5.785386110788672,6.382073569365478,6.988396393146713,7.584737363888029,8.169109341730186,8.731066645662924,9.269559765393003,9.793117743440657,10.31303613233408,10.832954521227503,11.352872910120926,11.872791299014349,12.444965308086104,13.017139317157863,13.537057706051286,14.056976094944709,0.9023097749955595,-0.041185790630898736,0.01707825423757198,0.0,1.3020925058202202,-0.08744347077598746,0.0038062565337260404,0.0,1.769465414076552,-0.13370116328495152,-0.009402244329308022,0.0,2.2633432435409873,-0.16608426626348838,-0.005234629373280779,0.0,2.7590865408494722,-0.19404299840485711,-0.000832326355254396,0.0,3.2447961840408373,-0.23657147568494344,-0.001731395864776496,0.0,3.717081082727235,-0.307927008864815,-0.006249620301394056,0.0,4.176200234649033,-0.4029295608144944,-0.0099291240275359,0.0,4.639401823633154,-0.48207851442268324,-0.010022093696051984,0.0,5.111199421755421,-0.5025461786275359,-0.009993247861981676,0.0,5.598303574353183,-0.4500277315604498,-0.010002035090562121,0.0,6.106252242795729,-0.344006899441868,-0.009999384163881103,0.0,6.6425375377094875,-0.22224415674917528,-0.010000218466927611,0.0,7.2067948093195575,-0.1206320606083684,-0.009999808728240602,0.0,7.781332888038053,-0.052500604037650944,-0.010000489367767238,0.0,8.356335408481273,-0.016341577302488516,-0.009998396050229261,0.0,8.926000909552737,-0.0036608476321099465,-0.01000533468550321,0.0,9.485127559358302,-0.006392307199480933,-0.009982469941469129,0.0,10.026409923607318,-0.016057631331883416,-0.010056558359587894,0.0,10.53879693660584,-0.024518433522871048,-0.009822000642597592,0.0,11.007197049172298,-0.02614251179069899,-0.007746196472435961,0.0,11.412901840413246,-0.020648541829328515,-0.002065041858250964,0.0,11.73417789882919,-0.011205012240363566,0.005905868629414749,0.0,11.947072886890497,-0.0024795254156302926,0.008862357642753537,0.0,12.026462410730876,0.0012402909083926255,-0.009125644221923265,0.0,11.947073190985895,-0.002479665597177883,0.010108243112786646,0.0,-0.004024818387906597,-0.03254047164969828,-0.08153800603967537,-0.10915624889679226,-0.1211839619329839,-0.13152206131006733,-0.14310341692639642,-0.14904883998474225,-0.14075254459499995,-0.11366951476390767,-0.06892699416386304,-0.012281973999714833,0.047967037884900886,0.10332674288398458,0.14707211418662883,0.17538659373107549,0.18751225484816264,0.18513759280275077,0.17145650960536638,0.15026390013848664,0.1252020006936161,0.09923622544376982,0.07442480469073662,0.052001566303929894,0.03264864212511144,0.016741382238142755,0.004477634028170147,-0.004089752128954027,-0.009054223381308768,-0.01066336553120171,-0.009314021166603625,-0.00553736265237435,1.923443776889158e-05,0.0066215783808741945,0.013519811874588283,0.02007135007327405,0.025884613843427745,0.030875795674691668,0.03516859261545946,0.03890450273437256,0.042124873517381325,0.04466072512753622,0.04607182418557598,0.04607182418557598,0.04607182418557598,0.29630869781157393
1751030012080156387,3,13,1751030012073260139,-1.5301263917018673,-1.0200842611345782,-0.5100421305672891,0.0,0.5100421305672891,1.0200842611345782,1.5301263917018673,2.0401685222691563,2.550210652836445,3.060252783403734,3.570294913971023,4.080337044538312,4.590379175105601,5.1004213056728895,5.610463436240178,6.120505566807467,6.630547697374756,7.140589827942045,7.650631958509334,8.160674089076624,8.670716219643912,9.180758350211201,9.69080048077849,10.200842611345779,10.710884741913068,11.220926872480357,11.730969003047646,12.241011133614935,12.77065096176179,13.398778787551475,14.007308915761593,14.517351046328882,15.02739317689617,0.9381931691170075,-0.048369720379548335,0.015621165599855302,0.0,1.3720597278692839,-0.09362367221436511,0.0034828225702758305,0.0,1.80592628662156,-0.13887740683351912,-0.008601720772681653,0.0,2.2142903444976056,-0.23277469950767748,-0.0056404071409281884,0.0,2.6002876921030764,-0.37920981981549434,-0.0014879227311120156,0.0,2.982645776569261,-0.5529842470566002,-0.001936886854629092,0.0,3.382163764189323,-0.7139695909852292,-0.006160984711931723,0.0,3.8086434520300556,-0.8210973439814313,-0.009935159778795223,0.0,4.248584808497775,-0.8455023299248201,-0.010020211984230247,0.0,4.701287299929125,-0.783310385083966,-0.00999382369783953,0.0,5.167902448242777,-0.6500728790413549,-0.010001858894668834,0.0,5.6499980840671835,-0.47475260863851104,-0.009999446628900592,0.0,6.14764279278241,-0.29591148811690665,-0.010000165297809723,0.0,6.655467629164523,-0.14999337934395515,-0.009999943442121361,0.0,7.159356049189731,-0.061148755948038765,-0.01000004517658054,0.0,7.633442892560398,-0.03135443545380978,-0.00999988761779282,0.0,8.072243741970578,-0.04914610049357532,-0.010000373044427156,0.0,8.483969046902189,-0.098590494992596,-0.009998733669546357,0.0,8.883039934698157,-0.1638910638643463,-0.009870036293419438,0.0,9.283986273579806,-0.22955365101556024,-0.00998576417481733,0.0,9.69691066523341,-0.28104916969880095,-0.010046789150352434,0.0,10.124040730495256,-0.3065939163806098,-0.007994521094478487,0.0,10.558392444252553,-0.29908669652989645,-0.0034871589165087254,0.0,10.984219792696965,-0.25733698659601506,0.0022393357902774475,0.0,11.37788658351711,-0.18711787151975542,0.00584253224654427,0.0,11.708521410915836,-0.10248702282325975,0.0009260323963414009,0.0,11.939515070865617,-0.025689999322384565,-0.023646960263683188,0.0,12.030276569597607,0.012685145374228678,0.024323314580593253,0.0,11.939506338380676,-0.025649069138876077,-0.02684750325522914,0.0,-0.006502411326653727,-0.04375406852508684,-0.09174679123982643,-0.2291345709998329,-0.3372509670774429,-0.35656925701603154,-0.303348485025468,-0.21554033573801518,-0.11828230013475328,-0.02118842335120109,0.07184911438226914,0.15601340285928345,0.22524052266621788,0.2746660009349558,0.3022443101213127,0.30864652793506087,0.2962504258824554,0.26818353022247654,0.22775134375744865,0.1782683763870189,0.12311030148192689,0.06579351830205728,0.00994707816313842,-0.04083920118126415,-0.08326780478609976,-0.11465791781369733,-0.1332790888730953,-0.13857044553216252,-0.13113375819570008,-0.11251297650686926,-0.08484266470912077,-0.05048183670227052,-0.011719750367391393,0.02941204978079296,0.0712247025857859,0.11237368137964933,0.15175781811392072,0.1883423623824609,0.2210957324595392,0.2494099792602204,0.27390996114031413,0.2967657209757555,0.3207839682313917,0.3474763231032351,0.3739227168150547,0.3910515980959629,0.3910515980959629,0.3910515980959629,0.29775063972336613
1751030012125991788,3,14,1751030012114464590,-1.5225352469477156,-1.0150234979651438,-0.5075117489825719,0.0,0.5075117489825719,1.0150234979651438,1.5225352469477156,2.0300469959302876,2.5375587449128596,3.0450704938954316,3.5525822428780036,4.060093991860575,4.567605740843147,5.075117489825719,5.582629238808291,6.090140987790863,6.597652736773435,7.105164485756007,7.612676234738579,8.12018798372115,8.627699732703721,9.135211481686293,9.642723230668864,10.150234979651435,10.657746728634006,11.165258477616577,11.672770226599148,12.18028197558172,12.717216223177898,13.359250727447023,13.971862733102542,14.479374482085113,14.986886231067684,0.9751472794206584,-0.05206545966366656,0.014620011155218162,0.0,1.4067801078759208,-0.09724985556368186,0.003259912675948121,0.0,1.8384129363311832,-0.14243425716847727,-0.008050823827244423,0.0,2.29235270911246,-0.17020357421591784,-0.005919627713861879,0.0,2.7646242242148373,-0.19517441026112017,-0.005627917062136685,0.0,3.237515176497359,-0.24566055054981453,-0.00839346640103033,0.0,3.68590871313922,-0.34191821086977425,-0.010189490372641132,0.0,4.095567698751847,-0.4786805124197455,-0.009939312741327271,0.0,4.479792856612263,-0.6075881846080213,-0.010018917421239039,0.0,4.858737846433707,-0.6701528127383298,-0.009994219284173479,0.0,5.249531947391696,-0.6351403539295728,-0.010001739841050194,0.0,5.670914316795631,-0.5113895637180057,-0.00999948204523627,0.0,6.132946453056329,-0.3452092198169075,-0.010000154804579534,0.0,6.627172181836621,-0.19412356235614509,-0.009999946736535854,0.0,7.128912011491294,-0.09461914436385227,-0.010000043422341226,0.0,7.6052554423797885,-0.05022584238193693,-0.00999989088175229,0.0,8.047177924357914,-0.04618746483108189,-0.010000362646973229,0.0,8.463550014282468,-0.06063826429953408,-0.009998768837407284,0.0,8.867160501012986,-0.07728763938818227,-0.010004151178864084,0.0,9.271010972736832,-0.08788709041416891,-0.009986159438218107,0.0,9.68383007424402,-0.08626888961537696,-0.010045489928470118,0.0,10.108577660721933,-0.0715937107840841,-0.00879425228286789,0.0,10.541126630760965,-0.04537527985232262,-0.005442513207225382,0.0,10.966759372693467,-0.01628341359281993,0.0014907647723366856,0.0,11.363859366240217,0.0051995563590997275,0.005958067776319468,0.0,11.700587961598409,0.014177120714116321,0.000622210438253128,0.0,11.93789135540236,0.0078986591990432,-0.02298840463459333,0.0,12.031072804841543,-0.003919986103858826,0.02363948242390947,0.0,11.937886666874917,0.007891215537919546,-0.026069337813325266,0.0,-0.013952872221542793,-0.047955904232790614,-0.10335594626077405,-0.13832181967456497,-0.16288537872050807,-0.19136031851426558,-0.22328246824971454,-0.24642238681451745,-0.2461791617904531,-0.21266487906299836,-0.1445201385586886,-0.05014891764891789,0.05422914512537989,0.14998753939695386,0.22249312230322377,0.2648991777359311,0.2777735870124131,0.26616724091614435,0.236597402705958,0.1954188486842554,0.14843940802068328,0.10092795661621505,0.057457152097599946,0.02159191424992437,-0.004384890361483405,-0.019597184195500644,-0.024556598838622504,-0.02093360688076207,-0.011084029701454461,0.002452262997210834,0.017281932463547933,0.031327855370545915,0.04293901072059019,0.050956082349379116,0.05466205124337568,0.053673920495827,0.048033984014861975,0.03852088949165997,0.026719955341795564,0.014305829623392056,0.0015924106210742628,-0.013398910255585926,-0.033998563357564564,-0.06196838742747673,-0.09289901699670639,-0.11394825338086079,-0.11394825338086079,-0.11394825338086079,0.2968722383877116
1751030012207762930,3,15,1751030012200284285,-1.545668523080576,-1.0304456820537173,-0.5152228410268587,0.0,0.5152228410268587,1.0304456820537173,1.545668523080576,2.0608913641074347,2.576114205134293,3.0913370461611516,3.60655988718801,4.1217827282148685,4.637005569241727,5.152228410268585,5.667451251295444,6.182674092322302,6.697896933349161,7.213119774376019,7.728342615402878,8.243565456429737,8.758788297456595,9.274011138483454,9.789233979510312,10.30445682053717,10.81967966156403,11.334902502590888,11.850125343617746,12.365348184644605,12.887731595443668,13.492153793426967,14.089415421638062,14.60463826266492,15.119861103691779,1.04086799646115,-0.05921730845507356,0.013753590841892694,0.0,1.4793645105272357,-0.10483722578440564,0.0030658401593734955,0.0,1.9178598123169386,-0.15045709252126097,-0.007572593113315353,0.0,2.359403696388202,-0.18205039504026096,-0.006161977001282539,0.0,2.806892756978766,-0.2094838718217827,-0.0036719036515553403,0.0,3.260185995610505,-0.2528921215952156,-0.004265943952383766,0.0,3.7136036896578073,-0.32784841804624737,-0.007339791375602463,0.0,4.154393067087743,-0.4291842046891884,-0.009942916862472662,0.0,4.584359274958225,-0.5145486493890475,-0.01001779394356646,0.0,4.998773832831499,-0.5380763186072886,-0.009994562624147016,0.0,5.40561101090311,-0.48367758681721257,-0.010001636386585794,0.0,5.8177564669003825,-0.3760249337839523,-0.009999513261663049,0.0,6.2460616825608195,-0.25470428662168676,-0.01000014401140873,0.0,6.693789136104927,-0.15000167286395272,-0.009999955481961921,0.0,7.152176350285,-0.081623881260366,-0.010000021459057287,0.0,7.596530287605396,-0.050098631832292115,-0.00999996429929422,0.0,8.019759927217004,-0.04634712857812679,-0.010000111475510996,0.0,8.427373924784344,-0.056249178438693946,-0.008736619123425935,0.0,8.831649961188669,-0.0680179629620415,-0.005218226557182774,0.0,9.245303622955781,-0.07469450963709395,-0.0001465226397900314,0.0,9.675491790788696,-0.07347196725315523,0.005053413605093071,0.0,10.120361881435425,-0.06444623649849997,0.008887528065536048,0.0,10.56881106600838,-0.04956452251012992,0.009858873455410911,0.0,11.00207034316401,-0.03220375731167735,0.006790737219051867,0.0,11.3954604420204,-0.01644273870497894,5.6867130527689077e-05,0.0,11.719778104387036,-0.005535946609091318,-0.006754178333806385,0.0,11.94249443507461,-0.0004882019326184865,-0.007025487802716923,0.0,12.02879546488238,0.00015603755496852603,0.007230491039549772,0.0,11.942483297790437,-0.00046522321574665536,-0.007995573535134037,0.0,-0.01867053750172984,-0.06351102794132332,-0.11790061298636358,-0.13513671964567028,-0.1371556001854606,-0.14504275054521523,-0.15912520495198298,-0.16740677360485373,-0.15793876944548466,-0.12494912889470876,-0.0696830279585717,0.0008437831981986912,0.07584191731255047,0.14354370956405416,0.19428631417682418,0.2228043434082982,0.22880767680894465,0.21587251274315641,0.18941457316534968,0.15495509022927734,0.11726042465806662,0.08021424437342867,0.04690957959219997,0.019650087667195424,-0.00014909477208212475,-0.012039868697242972,-0.01654481384318178,-0.0150050792670291,-0.009236580742261033,-0.0011097300392033376,0.007784177838464015,0.016286246242134525,0.023659369349993034,0.029490558248409727,0.03358966012020195,0.03592709839012623,0.03662326459697103,0.03595859658178149,0.03434612530718825,0.032198634547693866,0.029707796438257505,0.026713860387965253,0.022861268343456222,0.018024886705942773,0.012964354487572266,0.009628148633669842,0.009628148633669842,0.009628148633669842,0.2998256398539326
1751030012352602778,3,16,1751030012344528041,-1.5559173419879535,-1.037278227991969,-0.5186391139959845,0.0,0.5186391139959845,1.037278227991969,1.5559173419879535,2.074556455983938,2.5931955699799225,3.111834683975907,3.6304737979718915,4.149112911967876,4.6677520259638605,5.191775160159314,5.727258986134022,6.2627428121087325,6.792842617883972,7.311481731879956,7.830120845875941,8.348759959871925,8.86739907386791,9.386038187863894,9.904677301859879,10.423316415855863,10.941955529851848,11.460594643847832,11.979233757843817,12.497872871839801,13.016511985835786,13.55917888990648,14.259072225170655,14.934937770360117,15.453576884356101,15.972215998352086,1.1518804209665372,-0.05306354619376312,0.011733936130559026,0.0,1.5911777833465466,-0.13290436319057958,0.0018689931741382507,0.0,2.0302953241277293,-0.1455670384966764,-0.007965077389463613,0.0,2.409970584653895,-0.12549503918181465,0.025086149879733448,0.0,2.720131849762529,-0.09549340587713301,0.11576494854292499,1.0,2.9831192118052248,-0.06914576924024181,0.25784598191544106,1.0,3.2373347245047315,-0.05328327293433396,0.43096493241097655,1.0,3.521034655830039,-0.04995141059089833,0.6081250636222872,1.0,3.8562931037716,-0.05813882406391165,0.7631041891335345,1.0,4.251117224746478,-0.07586395890873628,0.8777132951013498,1.0,4.70214928253106,-0.10062121485551158,0.9411334756826023,1.0,5.197851925763397,-0.1294712896691264,0.9493150066349273,1.0,5.721823196047451,-0.1590263315837973,0.9038705486691033,1.0,6.255460125776257,-0.18599658764187552,0.8112885929901661,1.0,6.780241227490742,-0.20752552746851327,0.6821567495591523,1.0,7.280400768691897,-0.22162511266957496,0.5304702641053113,1.0,7.746179698081721,-0.22734262381894355,0.37281636783660776,1.0,8.177661228665814,-0.2247472021476538,0.2277938379942524,1.0,8.581461791883022,-0.2145551486642987,0.11201203149105635,1.0,8.967695552196549,-0.1980181306053292,0.036084991534374035,0.0,9.3473476037331,-0.17646240522370427,0.0005406446173528678,0.0,9.730020746810606,-0.1510726684852451,-0.008174988733934177,0.0,10.12201914588484,-0.12290770916166312,-0.006585715266119888,0.0,10.524165907569566,-0.09339445255479276,-0.002053267595850681,0.0,10.929364082847469,-0.06436598451514859,0.0027742826264550405,0.0,11.320232869318053,-0.03804511164487185,0.005733409073678507,0.0,11.666932059663822,-0.0169040706170541,0.0012362837691641988,0.0,11.925594433475208,-0.003281221222960717,-0.024326951306618803,0.0,12.037041266383058,0.001325684200702196,0.025046546179881186,0.0,11.925637102401906,-0.0031980251384890624,-0.027730352822333937,0.0,-0.03661453844639245,-0.09130757063931162,-0.13333170651252105,-0.05047521025787954,0.04433494748658697,0.0796098488541167,0.061489020677061426,0.024864488430582195,-0.0059200583731372595,-0.024914485157875903,-0.035804721790696936,-0.04303100235779986,-0.0485540325164395,-0.05250896058715633,-0.054625017725965536,-0.05490678444573908,-0.05360863994001091,-0.05100652505095388,-0.0472734195992533,-0.04248516894392612,-0.03667142639849538,-0.02985397550765155,-0.022066153851032982,-0.013372863389856307,-0.0038990035461138875,0.006145357298949568,0.01645945180770414,0.0266724468707812,0.03638753653468884,0.04523623893940887,0.05292661490503404,0.05927180145520824,0.0641949345657989,0.06771487491865905,0.06991985484065787,0.07093890442224512,0.07092035959445336,0.0700230182350323,0.06841776352829927,0.06629417576102552,0.06386791578790446,0.061362337913744555,0.05893335749419992,0.05657016238548843,0.05409377441139607,0.05131355765434859,0.0482459683569158,0.04535541218724267,0.04359182013360925,0.04359182013360925,0.04359182013360925,0.2970640046910553
1751030015487723573,3,17,1751030015481390235,-1.551796462468118,-1.0345309749787452,-0.5172654874893726,0.0,0.5172654874893726,1.0345309749787452,1.551796462468118,2.0690619499574905,2.586327437446863,3.1035929249362355,3.620858412425608,4.138123899914981,4.6553893874043535,5.172654874893726,5.6899203623830985,6.207185849872471,6.7244513373618435,7.241716824851216,7.7589823123405885,8.276247799829962,8.793513287319335,9.310778774808709,9.828044262298082,10.345309749787456,10.930246902860175,11.515184055932895,12.032449543422269,12.549715030911642,3.242903565278451,-0.04902925978770522,0.47588990295081546,1.0,3.5564639391552864,-0.052001506202397255,0.5693138452754041,1.0,3.8702183854098053,-0.054973752625626454,0.7961798372944796,1.0,4.202006641135422,-0.0614101409109706,1.0445729619156576,1.0,4.56243130392502,-0.07337924428624393,1.240414589169241,1.0,4.956068467531406,-0.09177304862777881,1.3419164129067525,1.0,5.3826542606953005,-0.11646369349321432,1.3340805243783291,1.0,5.838300512214732,-0.14644272225227917,1.223135168093205,1.0,6.316675588936199,-0.18000298262713565,1.0310525213310506,1.0,6.81021810616476,-0.21490911084839903,0.7899906527539708,1.0,7.3113215123231985,-0.24853828702771158,0.5367782556760371,1.0,7.813576485089777,-0.278037278030197,0.3073849172062819,1.0,8.313000311854832,-0.3005265540189327,0.13140250705863754,1.0,8.806990618994808,-0.3132999315027217,0.02572108867877962,0.0,9.293360334535294,-0.3140393348187695,-0.01184645236501124,0.0,9.769355349013269,-0.30106672953846647,-0.008877085889425677,0.0,10.230691851678042,-0.27369723427062975,0.0028566075571171963,0.0,10.670635681629262,-0.23258952020953527,0.008612780409534877,0.0,11.0791137196593,-0.1801249888398339,0.005742502695800705,0.0,11.441765392629666,-0.12091252343589876,-0.0012245814578419612,0.0,11.739016560947972,-0.06226220505497776,-0.00550877455479986,0.0,11.945173238453679,-0.01473993134674108,-0.0029539003540109444,0.0,12.027480906723177,0.0073249715874139105,0.003041009429604713,0.0,11.945155487865954,-0.014728103723891363,-0.0033650455647630546,0.0,-0.04010104460048385,-0.04631863573639705,-0.05092662573120731,-0.049356062301581,-0.048841331490923276,-0.052212895812557024,-0.05770329884866071,-0.06277009811121484,-0.0661712034608997,-0.06786584438166104,-0.06818818112359969,-0.06731579740924601,-0.06519352474124825,-0.06166401877074506,-0.05658444270161906,-0.049866425997186235,-0.04147105478524049,-0.03139991703324252,-0.01969582498036398,-0.006448656119783636,0.008202885279628605,0.024074847590192773,0.040946241142923924,0.05856987736083836,0.07668611920356697,0.09503767716513714,0.11337386704677374,0.13142988711255593,0.14887162378999155,0.16523525808025574,0.1799639175438604,0.1926881065555691,0.20366882205893447,0.21395865501855516,0.22494383762781814,0.23737227761950427,0.24981868177367625,0.25790541457115435,0.25790541457115435,0.25790541457115435,0.2954120784556804
1751030018535322212,3,18,1751030018529333660,-1.5279463151477368,-1.018630876765158,-0.509315438382579,0.0,0.509315438382579,1.018630876765158,1.5279463151477368,2.037261753530316,2.546577191912895,3.055892630295474,3.565208068678053,4.074523507060632,4.583838945443211,5.09315438382579,5.602469822208369,6.111785260590948,6.621100698973527,7.130416137356106,7.652919926694241,8.295432440659168,8.924756603668541,9.43407204205112,9.9433874804337,5.334466471496736,-0.11272548403736303,1.3909003636977832,1.0,5.791840235175328,-0.14361214189641958,1.1811099633192474,1.0,6.24921310366034,-0.1744984124601333,1.1006714600521863,1.0,6.699648278243249,-0.20067348946055796,1.01183235284461,1.0,7.1404946820442365,-0.21875149092483293,0.8576130232601564,1.0,7.572326634832983,-0.22658665399755284,0.6397685937128735,1.0,7.997883723023392,-0.22318868221971722,0.39675023093306927,1.0,8.421010291069766,-0.20863810170504524,0.1816669194019769,1.0,8.845595431873514,-0.18400159307535977,0.04024700015901051,0.0,9.274512317777091,-0.15124730422950017,-0.011200350382491127,0.0,9.70855851997031,-0.1131601030182929,-0.007823508630291515,0.0,10.1453950264835,-0.07325701991920316,0.004547796857433308,0.0,10.578486772295593,-0.03570248194234973,0.010178722815610651,0.0,10.996041419036766,-0.005223765743078691,0.009889956918677249,0.0,11.379950079204889,0.012973796346903675,0.007518688631959273,0.0,11.7047260902564,0.016150930102864294,0.004426678452107484,0.0,11.93644556288544,0.006978657690144956,0.0011170144546281905,0.0,12.031686541205767,-0.0035176824206278674,-0.0011484160556337695,0.0,11.936468718642097,0.006985898180607399,0.0012676560817548605,0.0,-0.06804017965707666,-0.06678651785767954,-0.06422552169895833,-0.04215398835397327,-0.01555789372043408,0.005208739955255883,0.019942239197734576,0.03222880174126978,0.044312156529615454,0.056178227805040164,0.06679675247170244,0.0752821350121108,0.0812403416207414,0.0845908728975506,0.08531380974137921,0.08333525226550684,0.07854774842816052,0.07089167434310738,0.06045424511515561,0.04759513872585942,0.033078960228954055,0.018040125843179072,0.0034975348974585893,-0.010502662504331624,-0.025322524047236807,-0.04301266572815054,-0.06450965053147194,-0.08679947034296281,-0.10149350596197865,-0.10149350596197865,-0.10149350596197865,0.296265444309256
1751030021540507939,3,19,1751030021538643143,-1.662490362529958,-1.1083269083533054,-0.5541634541766527,0.0,0.5541634541766527,1.1083269083533054,1.662490362529958,2.2166538167066108,2.7708172708832635,3.324980725059916,3.879144179236569,4.4333076334132215,5.119841120663722,5.806374607914222,6.360538062090875,6.914701516267527,7.9859197741648975,-0.2275966881562738,0.4401315999763468,1.0,8.420373231653546,-0.206858147682517,0.15539952098911328,1.0,8.932694610453092,-0.18607969830092427,0.02357834951424773,1.0,9.465597040032142,-0.17583751370923778,-0.013780261160573503,0.0,9.985612185362669,-0.17461888849485244,0.0010106875504283658,0.0,10.47545034178161,-0.17373904035740795,0.005932883383800465,0.0,10.926359110710566,-0.1622552849679355,0.00529996651850426,0.0,11.330484654645591,-0.1318845471892616,0.004633012351189188,0.0,11.673234186738048,-0.08191762723541919,0.0066850190316249175,0.0,11.925636757342959,-0.024135743875655317,0.0074638508285339,0.0,12.036701856414583,0.012273973945335224,-0.0077413300772414964,0.0,11.92577967148441,-0.024197345278754064,0.008662157179004308,0.0,0.0686332333002384,0.07635489630593659,0.08173551158460737,0.05102132653721775,0.020942248432323042,0.01329346537924288,0.025688493776839724,0.0476641790130184,0.07223389960136509,0.09733065979102476,0.12269923798215147,0.1476551389993629,0.17124348399639835,0.19345533614463709,0.2155715042735173,0.23936144216724042,0.265468757085876,0.29072850790829596,0.3067324856308315,0.3067324856308315,0.3067324856308315,0.2844356178146512
1751030022267093185,3,20,1751030022261150204,-1.5539328658974843,-1.0359552439316562,-0.5179776219658281,0.0,0.5179776219658281,1.0359552439316562,1.5539328658974843,2.0719104878633123,2.5898881098291406,3.107865731794969,3.67764111595738,4.302667446462813,4.9849015276609165,5.672791157116631,6.362964748145943,7.053479121555416,7.718112337989263,8.325210646506493,8.874760421950892,9.39273804391672,9.910715665882549,10.428693287848377,10.946670909814205,11.464648531780034,11.982626153745862,12.523402869468804,13.064179585191741,13.58215720715757,14.100134829123398,2.8704289934539124,-0.04866949151963518,0.7425181968181144,1.0,2.922039101753807,-0.1649955498993181,0.8617209301004539,1.0,2.9738211585987644,-0.2812238654588749,1.1147308116603394,1.0,3.068577749500564,-0.3845780348093441,1.4157227791375453,1.0,3.2308110560807655,-0.4676724406971203,1.7011365053851821,1.0,3.476234415598412,-0.5259296514651305,1.9259312665503654,1.0,3.8126219975214903,-0.5589903998177712,2.0566638927512337,1.0,4.237745269219408,-0.5720253422299436,2.0746028636432206,1.0,4.74724346636115,-0.5635465382437108,1.980147640991034,1.0,5.3269107065820185,-0.5381564921725991,1.789012445884494,1.0,5.961389173296274,-0.49922275554609946,1.5234701026308837,1.0,6.6319618239800215,-0.4506398015261819,1.2147716658002703,1.0,7.311741494942552,-0.4011583515610245,0.895359686231249,1.0,7.981455138726395,-0.35251360655993785,0.595734226439709,1.0,8.627496594991731,-0.30505585475754143,0.33933791175895134,1.0,9.234532809628892,-0.26321545316933415,0.14697860707790245,1.0,9.791363539952304,-0.2248724561877144,0.031158915290058972,0.0,10.297250222892258,-0.1891056882508567,-0.012089821140154064,0.0,10.750919974411442,-0.15321972130851838,-0.00884856382857969,0.0,11.149454274372632,-0.11417911753830166,0.004220813761918065,0.0,11.491941373933637,-0.07386453087636201,0.00686844448450113,0.0,11.76639390167373,-0.037575512773403694,-0.0015118224601451003,0.0,11.951996764847454,-0.008661940146403767,-0.01842858830317962,0.0,12.024077395009874,0.004221316721522233,0.018976488445551092,0.0,11.951976793917751,-0.008633041313668875,-0.021001387179722032,0.0,0.031180126592516896,0.031180126592516896,0.031180126592516896,-0.10291578744897403,-0.19456389242681343,-0.18161094654794077,-0.1118943785979566,-0.044995549838579486,-0.0045561160518385385,0.014981234707771792,0.026320053925234906,0.036699742305609406,0.047083723037411734,0.056028852214394353,0.06257823958717809,0.06686909915890643,0.06955504350426268,0.07121962891031133,0.0721917467756259,0.07262750374134896,0.07263054830077267,0.07231248273336782,0.07179358732143022,0.07118055624509356,0.07057541785100113,0.0701474255756399,0.07020832016979146,0.07118228517283874,0.07345775379249439,0.07724220304956515,0.08254811817541087,0.08927512546567781,0.09725185957101802,0.10615084519932723,0.11534992477547328,0.1239997018717474,0.1314589064072406,0.13782677674995042,0.14404077448212343,0.15126098460481596,0.1599206687689891,0.1687447153908412,0.17447404675106765,0.17447404675106765,0.17447404675106765,0.29817625879687626
1751030025275852201,3,21,1751030025271962282,-1.5851455335739142,-1.0567636890492762,-0.490744786292981,0.07527411646331414,0.6412930192196094,1.2073119219759045,1.791210215880401,2.375108509784898,2.903490354309536,3.4318721988341743,3.9782322002069805,4.547320060158021,5.104324857156911,5.641054550635204,6.1757395608453365,6.704529477159454,7.232911321684092,7.7612931662087306,8.289675010733369,8.818056855258005,9.346438699782643,9.930501585678781,10.514564471574918,11.042946316099556,11.571328160624194,3.7216213451568008,-0.560825872793391,2.1046625195269635,1.0,4.157583839632556,-0.5675655198685677,2.0169805866284825,1.0,4.593658381957315,-0.5743065458382571,2.0685074505971524,1.0,5.034292814667762,-0.5748900465740973,2.050368910569103,1.0,5.483457409726309,-0.5653720143840756,1.872071577417584,1.0,5.944433764029055,-0.5437390093510264,1.5325165853388358,1.0,6.419603698496668,-0.5096239137819625,1.0910138604099193,1.0,6.910237953464873,-0.464021754353283,0.6382972222248395,1.0,7.416285038953463,-0.40900542171520377,0.2675386368701203,1.0,7.936160124312769,-0.34744131022409097,0.04536248744226936,0.0,8.466533813921114,-0.28270521904076257,-0.019480447897750098,0.0,9.00212090002387,-0.21839809913041125,-0.007438863992768896,0.0,9.535469140677897,-0.15806173940020465,0.00924425528854139,0.0,10.05674790071204,-0.10489451911483084,0.010426605301233384,0.0,10.553536798353694,-0.061467100017261814,0.0017110029026389886,0.0,11.010614577954309,-0.02943833596033226,-0.0031591937762355657,0.0,11.409747948876607,-0.009270965641473361,0.003263915072980908,0.0,11.729480367483529,5.2743672637446386e-05,0.007696825529939362,0.0,11.944920830390227,0.0013151029154517496,-0.03831138476487078,0.0,12.027532739214926,-0.0006526879001475911,0.03948634962428601,0.0,11.94492270272556,0.0013137726854756627,-0.04387201588253542,0.0,0.027271615287094066,0.03773146800705987,0.048055000209683826,0.04627636173896769,0.04590241620216145,0.053390967572491364,0.0661405549254664,0.07939424073720124,0.09053325173217723,0.09924685751900712,0.1060864242423312,0.11142894957731805,0.11528508439869509,0.11752763493046378,0.11810444569731937,0.1170858113558258,0.11460612173172777,0.11080284777269861,0.10579589344040186,0.09969666198547092,0.09262100625691504,0.08469042162201601,0.07602858383349233,0.06677355497156096,0.05713014642257968,0.047446581238379144,0.038222919246359774,0.029903594892231596,0.022469815792230056,0.015188241542078464,0.0069185057665526245,-0.0030060761596888185,-0.01334281862179751,-0.02020196030964813,-0.02020196030964813,-0.02020196030964813,0.29864325664289293
1751030028352984623,3,22,1751030028350294924,-1.5567781758946957,-1.0378521172631305,-0.5189260586315653,0.000249993529891566,0.5194260456913484,1.0383521043229136,1.5572781629544787,2.0762042215860443,2.5951302802176097,3.114056338849175,3.6329823974807405,4.151908456112305,4.67083451474387,5.189760573375435,5.708686632007,6.227612690638565,6.74653874927013,7.327325520933631,7.908112292597133,8.427038351228699,8.945964409860265,6.179129562923464,-0.5311161500814227,1.3570757383767247,1.0,6.65297918593387,-0.48756576467051727,0.8640124479826317,1.0,7.126880575227219,-0.44401062154582494,0.5056941041056894,1.0,7.596970207015418,-0.40060577630535515,0.2598976828827617,1.0,8.061646980233219,-0.357437805288041,0.10605851862938272,1.0,8.520708250553628,-0.31457256190890565,0.02410528062441388,0.0,8.97448467164173,-0.27210284928265493,-0.0067042571012477905,0.0,9.422976746852031,-0.2301962240717575,-0.008946775880580411,0.0,9.864990414161424,-0.18914258387083155,-0.001836664323178984,0.0,10.297272155928704,-0.14940206601087194,0.003972158245299963,0.0,10.713645059855692,-0.11165282584679806,0.004446269455335669,0.0,11.10414491013937,-0.0768384936364242,0.0002333481215397519,0.0,11.454156090664133,-0.04621632157226601,-0.005276801639256918,0.0,11.743546814869816,-0.021404385650328817,-0.007892650567179796,0.0,11.94580477972007,-0.0044299050443532325,-0.004560780972689487,0.0,12.027172880798515,0.002223500460626166,0.0046956972144380415,0.0,11.94578487447765,-0.004432165537947959,-0.005199507172129364,0.0,0.10797528629104507,0.11276923144457965,0.11609395748773088,0.10625732586836482,0.09542319502021318,0.09062345192890699,0.09079141350225241,0.0923434570719191,0.09312374074429786,0.09287690246905222,0.0921510210609612,0.0913932800109802,0.09071868015548866,0.09006054562024118,0.08934653316582002,0.0885640052825106,0.08774592302402735,0.08694150289533109,0.08619791342557452,0.08554347688242757,0.08496610847531966,0.08440653340233398,0.08378493594109825,0.083059256004184,0.08231939331914655,0.08183484008001159,0.08183484008001159,0.08183484008001159,0.2930830210961496
1751030031408851171,3,23,1751030031405560706,-1.324405662420807,-0.882937108280538,-0.441468554140269,0.0,0.441468554140269,0.882937108280538,1.324405662420807,1.765874216561076,2.207342770701345,2.654401738622079,3.1952573590042164,3.8891681902873154,4.489282369109009,4.9307509232492786,5.372219477389548,8.992096372229904,-0.2704035008410877,-0.001324711238737732,0.0,9.371505044642875,-0.23503443364802795,-0.00030398689811435905,0.0,9.750913702161299,-0.19966536726243647,0.0007140974283383196,0.0,10.13917765876634,-0.16215082584866664,0.0023131064554294547,0.0,10.53788107918704,-0.12291680543023442,0.004595409223302898,0.0,10.939766365200121,-0.08418066818514496,0.006714376997743948,0.0,11.327167115597511,-0.04918468822800633,0.006401377448548686,0.0,11.6704377587012,-0.021418276341533045,-0.0005060718078404251,0.0,11.926386201598442,-0.003842067928165244,-0.020535230036880875,0.0,12.036707445550459,0.0018814825174565523,0.020977360717823926,0.0,11.926405590627299,-0.0038343571464455857,-0.022623163499849216,0.0,0.09183025961713387,0.09110051169243043,0.09042792917812868,0.09073285438502407,0.08997741839920866,0.08741099814959849,0.08365674579180354,0.07960213601316553,0.07565038838243532,0.0716480037621618,0.06723192225521092,0.06227423931110286,0.05741566501826806,0.05431175543669495,0.05431175543669495,0.05431175543669495,0.299166783868255
1751030038407629602,3,24,1751030038401678978,-1.596136602420288,-1.064091068280192,-0.532045534140096,0.0,0.532045534140096,1.064091068280192,1.596136602420288,2.128182136560384,2.66022767070048,3.1922732048405758,3.733746397158384,4.275219589476192,4.816692781794,5.348738315934096,5.880783850074192,6.466033937628297,7.198345206707169,7.877451922372029,8.409497456512128,8.941542990652225,7.406275742423775,-0.3277619802763408,0.002002836700382189,0.0,7.320493845074261,-0.3170194444665227,0.00044617471786655995,0.0,7.37624815376616,-0.3062590192080197,-0.0011023227316159891,0.0,7.5533395518428454,-0.308481196178032,-0.002527830426592674,0.0,7.833868892871825,-0.3268135147253552,-0.003654019338588055,0.0,8.201267514269132,-0.3569450874548024,-0.004241882530651028,0.0,8.639336188533512,-0.3895699602899483,-0.0040103415804760454,0.0,9.131249465769828,-0.41312619119220717,-0.0026809091289204303,0.0,9.658530217365579,-0.4161682192550294,-0.00017423965238338998,0.0,10.199950205129973,-0.3897668480259707,0.0031562026224006387,0.0,10.730362632016863,-0.3299056999244433,0.006147957211578293,0.0,11.219548993199068,-0.2399731805449723,0.0063572762951317665,0.0,11.631168178820488,-0.13311583637465782,-0.00042506045344249503,0.0,11.921620857575029,-0.03436263183889361,-0.020730888698279964,0.0,12.038917338031345,0.017125308851317165,0.02137550912975915,0.0,11.921696280351284,-0.03434711500356751,-0.02378125035393429,0.0,-0.015236985869705677,-0.015236985869705677,-0.015236985869705677,-0.03895737051714897,-0.06185838977349909,-0.06842788908827206,-0.05970017970868874,-0.0427162426072928,-0.02229568082571347,0.0003902495741439964,0.025817080550669138,0.05424499420211547,0.08516124594209845,0.11758618296094926,0.15051397616631454,0.18309964143718957,0.21451793173710332,0.24380215547667416,0.2701557079677872,0.2937140911380452,0.3159294305864404,0.3388969065921268,0.3637606804001858,0.3879621070210647,0.4035228824101575,0.4035228824101575,0.4035228824101575,0.29993105027946537
1751030041437654979,3,25,1751030041436091928,-1.4875783627968568,-0.9917189085312379,-0.49585945426561895,0.0,0.49585945426561895,0.9917189085312379,1.4875783627968568,1.9834378170624758,2.479297271328095,2.9845523187894187,3.539393311677305,4.1766252158760775,4.764271174648288,5.260130628913907,5.755990083179526,8.524277733014088,-0.36640746193079526,-0.0017771441602092704,0.0,8.985284503928753,-0.4145947221413256,-0.00040153457895964406,0.0,9.446291510062272,-0.4013062900196071,0.000968528092826777,0.0,9.924167804348954,-0.35736824665812933,0.0043649875268558,0.0,10.414285624124378,-0.2988994012025032,0.008612908835162606,0.0,10.895663596712975,-0.23258804444013054,0.010731465127220233,0.0,11.336109940265771,-0.16097832559395875,0.0073387491036795574,0.0,11.697362648668616,-0.0877467332231795,-0.00394065097052493,0.0,11.940231553987301,-0.02298466089442611,-0.01312473977725157,0.0,12.029740979509354,0.011521116164258018,0.013481005158571854,0.0,11.940266342214592,-0.022991639154304407,-0.014804993758879217,0.0,0.029128964830880778,0.05775082391634842,0.08872132260497224,0.12150899660675356,0.14664161138479287,0.16383918257656976,0.17804440136435246,0.19281629013675988,0.20860673912315006,0.2250601846350061,0.24353752775683504,0.2671122168972935,0.2976942039630166,0.33089204083914875,0.3533483803196705,0.3533483803196705,0.3533483803196705,0.29833037256257694
